./abeezee/ABeeZee-Regular.ttf
./abel/Abel-Regular.ttf
./acme/Acme-Regular.ttf
./actor/Actor-Regular.ttf
./adventpro/AdventPro[wdth,wght].ttf
./agdasima/Agdasima-Regular.ttf
./akatab/Akatab-Regular.ttf
./aksarabaligalang/AksaraBaliGalang-Regular.ttf
./akshar/Akshar[wght].ttf
./alata/Alata-Regular.ttf
./alatsi/Alatsi-Regular.ttf
./albertsans/AlbertSans[wght].ttf
./aldrich/Aldrich-Regular.ttf
./alef/Alef-Regular.ttf
./alegreyasans/AlegreyaSans-Regular.ttf
./alegreyasanssc/AlegreyaSansSC-Regular.ttf
./alexandria/Alexandria[wght].ttf
./allerta/Allerta-Regular.ttf
./allertastencil/AllertaStencil-Regular.ttf
./almarai/Almarai-Regular.ttf
./alumnisans/AlumniSans[wght].ttf
./amaranth/Amaranth-Regular.ttf
./amiko/Amiko-Regular.ttf
./amiriqurancolored/AmiriQuranColored-Regular.ttf
./anaheim/Anaheim-Regular.ttf
./andika/Andika-Regular.ttf
./anekbangla/AnekBangla[wdth,wght].ttf
./anekdevanagari/AnekDevanagari[wdth,wght].ttf
./anekgujarati/AnekGujarati[wdth,wght].ttf
./anekgurmukhi/AnekGurmukhi[wdth,wght].ttf
./anekkannada/AnekKannada[wdth,wght].ttf
./aneklatin/AnekLatin[wdth,wght].ttf
./anekmalayalam/AnekMalayalam[wdth,wght].ttf
./anekodia/AnekOdia[wdth,wght].ttf
./anektamil/AnekTamil[wdth,wght].ttf
./anektelugu/AnekTelugu[wdth,wght].ttf
./antic/Antic-Regular.ttf
./anton/Anton-Regular.ttf
./antonio/Antonio[wght].ttf
./anuphan/Anuphan[wght].ttf
./archivo/Archivo[wdth,wght].ttf
./archivoblack/ArchivoBlack-Regular.ttf
./archivonarrow/ArchivoNarrow[wght].ttf
./armata/Armata-Regular.ttf
./arsenal/Arsenal-Regular.ttf
./arya/Arya-Regular.ttf
./asap/Asap[wdth,wght].ttf
./asapcondensed/AsapCondensed-Regular.ttf
./asapvfbeta/AsapVFBeta.ttf
./assistant/Assistant[wght].ttf
./asul/Asul-Regular.ttf
./athiti/Athiti-Regular.ttf
./atkinsonhyperlegible/AtkinsonHyperlegible-Regular.ttf
./averagesans/AverageSans-Regular.ttf
./b612/B612-Regular.ttf
./baijamjuree/BaiJamjuree-Regular.ttf
./barlow/Barlow-Regular.ttf
./barlowcondensed/BarlowCondensed-Regular.ttf
./barlowsemicondensed/BarlowSemiCondensed-Regular.ttf
./basic/Basic-Regular.ttf
./bayon/Bayon-Regular.ttf
./belleza/Belleza-Regular.ttf
./benchnine/BenchNine-Regular.ttf
./bevietnampro/BeVietnamPro-Regular.ttf
./biryani/Biryani-Regular.ttf
./bizudgothic/BIZUDGothic-Regular.ttf
./bizudpgothic/BIZUDPGothic-Regular.ttf
./blackandwhitepicture/BlackAndWhitePicture-Regular.ttf
./blackhansans/BlackHanSans-Regular.ttf
./blinker/Blinker-Regular.ttf
./braahone/BraahOne-Regular.ttf
./bubblerone/BubblerOne-Regular.ttf
./cabin/Cabin[wdth,wght].ttf
./cabincondensed/CabinCondensed-Regular.ttf
./cagliostro/Cagliostro-Regular.ttf
./cambay/Cambay-Regular.ttf
./candal/Candal.ttf
./cantarell/Cantarell-Regular.ttf
./cantoraone/CantoraOne-Regular.ttf
./capriola/Capriola-Regular.ttf
./carlito/Carlito-Regular.ttf
./carme/Carme-Regular.ttf
./carroisgothic/CarroisGothic-Regular.ttf
./carroisgothicsc/CarroisGothicSC-Regular.ttf
./catamaran/Catamaran[wght].ttf
./chakrapetch/ChakraPetch-Regular.ttf
./changa/Changa[wght].ttf
./chathura/Chathura-Regular.ttf
./chauphilomeneone/ChauPhilomeneOne-Regular.ttf
./chivo/Chivo[wght].ttf
./comme/Comme[wght].ttf
./commissioner/Commissioner[FLAR,VOLM,slnt,wght].ttf
./convergence/Convergence-Regular.ttf
./cuprum/Cuprum[wght].ttf
./darkergrotesque/DarkerGrotesque-Regular.ttf
./daysone/DaysOne-Regular.ttf
./denkone/DenkOne-Regular.ttf
./dhurjati/Dhurjati-Regular.ttf
./didactgothic/DidactGothic-Regular.ttf
./dmsans/DMSans-Regular.ttf
./dohyeon/DoHyeon-Regular.ttf
./dongle/Dongle-Regular.ttf
./doppioone/DoppioOne-Regular.ttf
./dorsa/Dorsa-Regular.ttf
./dosis/Dosis[wght].ttf
./dotgothic16/DotGothic16-Regular.ttf
./durusans/DuruSans-Regular.ttf
./economica/Economica-Regular.ttf
./ekmukta/EkMukta-Regular.ttf
./electrolize/Electrolize-Regular.ttf
./elmessiri/ElMessiri[wght].ttf
./encodesanscondensed/EncodeSansCondensed-Regular.ttf
./encodesans/EncodeSans[wdth,wght].ttf
./encodesansexpanded/EncodeSansExpanded-Regular.ttf
./encodesanssc/EncodeSansSC[wdth,wght].ttf
./encodesanssemicondensed/EncodeSansSemiCondensed-Regular.ttf
./encodesanssemiexpanded/EncodeSansSemiExpanded-Regular.ttf
./englebert/Englebert-Regular.ttf
./epilogue/Epilogue[wght].ttf
./exo2/Exo2[wght].ttf
./exo/Exo[wght].ttf
./fahkwang/Fahkwang-Regular.ttf
./familjengrotesk/FamiljenGrotesk[wght].ttf
./farro/Farro-Regular.ttf
./federo/Federo-Regular.ttf
./figtree/Figtree[wght].ttf
./finlandica/Finlandica[wght].ttf
./firasanscondensed/FiraSansCondensed-Regular.ttf
./firasansextracondensed/FiraSansExtraCondensed-Regular.ttf
./firasans/FiraSans-Regular.ttf
./fjallaone/FjallaOne-Regular.ttf
./francoisone/FrancoisOne-Regular.ttf
./fredoka/Fredoka[wdth,wght].ttf
./fresca/Fresca-Regular.ttf
./gafata/Gafata-Regular.ttf
./galdeano/Galdeano-Regular.ttf
./gantari/Gantari[wght].ttf
./gayathri/Gayathri-Regular.ttf
./gemunulibre/GemunuLibre[wght].ttf
./genos/Genos[wght].ttf
./geo/Geo-Regular.ttf
./georama/Georama[wdth,wght].ttf
./gfsneohellenic/GFSNeohellenic.ttf
./gidugu/Gidugu-Regular.ttf
./glory/Glory[wght].ttf
./golostext/GolosText[wght].ttf
./gothica1/GothicA1-Regular.ttf
./gotu/Gotu-Regular.ttf
./gowundodum/GowunDodum-Regular.ttf
./gudea/Gudea-Regular.ttf
./hammersmithone/HammersmithOne-Regular.ttf
./hankengrotesk/HankenGrotesk[wght].ttf
./hannari/Hannari-Regular.ttf
./harmattan/Harmattan-Regular.ttf
./heebo/Heebo[wght].ttf
./hermeneusone/HermeneusOne-Regular.ttf
./hindcolombo/HindColombo-Regular.ttf
./hindguntur/HindGuntur-Regular.ttf
./hind/Hind-Regular.ttf
./hindjalandhar/HindJalandhar-Regular.ttf
./hindkochi/HindKochi-Regular.ttf
./hindmadurai/HindMadurai-Regular.ttf
./hindmysuru/HindMysuru-Regular.ttf
./hindsiliguri/HindSiliguri-Regular.ttf
./hindvadodara/HindVadodara-Regular.ttf
./homenaje/Homenaje-Regular.ttf
./ibmplexsansarabic/IBMPlexSansArabic-Regular.ttf
./ibmplexsanscondensed/IBMPlexSansCondensed-Regular.ttf
./ibmplexsansdevanagari/IBMPlexSansDevanagari-Regular.ttf
./ibmplexsanshebrew/IBMPlexSansHebrew-Regular.ttf
./ibmplexsans/IBMPlexSans-Regular.ttf
./ibmplexsansjp/IBMPlexSansJP-Regular.ttf
./ibmplexsanskr/IBMPlexSansKR-Regular.ttf
./ibmplexsansthai/IBMPlexSansThai-Regular.ttf
./ibmplexsansthailooped/IBMPlexSansThaiLooped-Regular.ttf
./imprima/Imprima-Regular.ttf
./inder/Inder-Regular.ttf
./inriasans/InriaSans-Regular.ttf
./inter/Inter[slnt,wght].ttf
./intertight/InterTight[wght].ttf
./istokweb/IstokWeb-Regular.ttf
./jaldi/Jaldi-Regular.ttf
./jejugothic/JejuGothic-Regular.ttf
./jejuhallasan/JejuHallasan-Regular.ttf
./jejumyeongjo/JejuMyeongjo-Regular.ttf
./jockeyone/JockeyOne-Regular.ttf
./josefinsans/JosefinSans[wght].ttf
./jost/Jost[wght].ttf
./jua/Jua-Regular.ttf
./juliussansone/JuliusSansOne-Regular.ttf
./jura/Jura[wght].ttf
./k2d/K2D-Regular.ttf
./kanit/Kanit-Regular.ttf
./kantumruypro/KantumruyPro[wght].ttf
./karla/Karla[wght].ttf
./karlatamilinclined/KarlaTamilInclined-Regular.ttf
./karlatamilupright/KarlaTamilUpright-Regular.ttf
./kdamthmorpro/KdamThmorPro-Regular.ttf
./khand/Khand-Regular.ttf
./khula/Khula-Regular.ttf
./khyay/Khyay-Regular.ttf
./kiteone/KiteOne-Regular.ttf
./kodchasan/Kodchasan-Regular.ttf
./koho/KoHo-Regular.ttf
./kokoro/Kokoro-Regular.ttf
./kopubbatang/KoPubBatang-Regular.ttf
./kronaone/KronaOne-Regular.ttf
./krub/Krub-Regular.ttf
./kufam/Kufam[wght].ttf
./kulimpark/KulimPark-Regular.ttf
./kumbhsans/KumbhSans[YOPQ,wght].ttf
./laila/Laila-Regular.ttf
./lalezar/Lalezar-Regular.ttf
./laomuangdon/LaoMuangDon-Regular.ttf
./laomuangkhong/LaoMuangKhong-Regular.ttf
./laosanspro/LaoSansPro-Regular.ttf
./lato/Lato-Regular.ttf
./leaguegothic/LeagueGothic[wdth].ttf
./leaguespartan/LeagueSpartan[wght].ttf
./lekton/Lekton-Regular.ttf
./lemonadavfbeta/LemonadaVFBeta.ttf
./lexenddeca/LexendDeca[wght].ttf
./lexendexa/LexendExa[wght].ttf
./lexendgiga/LexendGiga[wght].ttf
./lexend/Lexend[wght].ttf
./lexendmega/LexendMega[wght].ttf
./lexendpeta/LexendPeta[wght].ttf
./lexendtera/LexendTera[wght].ttf
./lexendzetta/LexendZetta[wght].ttf
./librefranklin/LibreFranklin[wght].ttf
./livvic/Livvic-Regular.ttf
./mada/Mada-Regular.ttf
./magra/Magra-Regular.ttf
./mako/Mako-Regular.ttf
./mallanna/Mallanna-Regular.ttf
./mandali/Mandali-Regular.ttf
./manjari/Manjari-Regular.ttf
./manrope/Manrope[wght].ttf
./marmelad/Marmelad-Regular.ttf
./martelsans/MartelSans-Regular.ttf
./marvel/Marvel-Regular.ttf
./mavenpro/MavenPro[wght].ttf
./mavenprovfbeta/MavenProVFBeta.ttf
./meerainimai/MeeraInimai-Regular.ttf
./mergeone/MergeOne-Regular.ttf
./merriweathersans/MerriweatherSans[wght].ttf
./metrophobic/Metrophobic-Regular.ttf
./michroma/Michroma.ttf
./mina/Mina-Regular.ttf
./mingzat/Mingzat-Regular.ttf
./miriamlibre/MiriamLibre-Regular.ttf
./mitr/Mitr-Regular.ttf
./mochiypopone/MochiyPopOne-Regular.ttf
./mochiypoppone/MochiyPopPOne-Regular.ttf
./mohave/Mohave[wght].ttf
./molengo/Molengo-Regular.ttf
./monda/Monda-Regular.ttf
./monomaniacone/MonomaniacOne-Regular.ttf
./montserratalternates/MontserratAlternates-Regular.ttf
./montserrat/Montserrat[wght].ttf
./montserratsubrayada/MontserratSubrayada-Regular.ttf
./mousememoirs/MouseMemoirs-Regular.ttf
./mplus1code/MPLUS1Code[wght].ttf
./mplus1/MPLUS1[wght].ttf
./mplus1p/MPLUS1p-Regular.ttf
./mplus2/MPLUS2[wght].ttf
./mpluscodelatin/MPLUSCodeLatin[wdth,wght].ttf
./muktamahee/MuktaMahee-Regular.ttf
./muktamalar/MuktaMalar-Regular.ttf
./mukta/Mukta-Regular.ttf
./muktavaani/MuktaVaani-Regular.ttf
./mulish/Mulish[wght].ttf
./murecho/Murecho[wght].ttf
./myanmarsanspro/MyanmarSansPro-Regular.ttf
./nats/NATS-Regular.ttf
./newscycle/NewsCycle-Regular.ttf
./nicomoji/NicoMoji-Regular.ttf
./nikukyu/Nikukyu-Regular.ttf
./niramit/Niramit-Regular.ttf
./nobile/Nobile-Regular.ttf
./nokora/Nokora-Regular.ttf
./notable/Notable-Regular.ttf
./notosans/NotoSans-Regular.ttf
./ntr/NTR-Regular.ttf
./numans/Numans-Regular.ttf
./nunito/Nunito[wght].ttf
./nunitosans/NunitoSans[YTLC,opsz,wdth,wght].ttf
./opensans/OpenSans[wdth,wght].ttf
./orbitron/Orbitron[wght].ttf
./orienta/Orienta-Regular.ttf
./oswald/Oswald[wght].ttf
./otomanopeeone/OtomanopeeOne-Regular.ttf
./outfit/Outfit[wght].ttf
./overpass/Overpass[wght].ttf
./oxygen/Oxygen-Regular.ttf
./padauk/Padauk-Regular.ttf
./palanquindark/PalanquinDark-Regular.ttf
./palanquin/Palanquin-Regular.ttf
./pathwaygothicone/PathwayGothicOne-Regular.ttf
./pattaya/Pattaya-Regular.ttf
./pavanam/Pavanam-Regular.ttf
./paytoneone/PaytoneOne-Regular.ttf
./philosopher/Philosopher-Regular.ttf
./play/Play-Regular.ttf
./plusjakartasans/PlusJakartaSans[wght].ttf
./podkovavfbeta/PodkovaVFBeta.ttf
./pontanosans/PontanoSans[wght].ttf
./poppins/Poppins-Regular.ttf
./portlligatsans/PortLligatSans-Regular.ttf
./pragatinarrow/PragatiNarrow-Regular.ttf
./preahvihear/Preahvihear-Regular.ttf
./prompt/Prompt-Regular.ttf
./prozalibre/ProzaLibre-Regular.ttf
./publicsans/PublicSans[wght].ttf
./puritan/Puritan-Regular.ttf
./qahiri/Qahiri-Regular.ttf
./quantico/Quantico-Regular.ttf
./quattrocentosans/QuattrocentoSans-Regular.ttf
./questrial/Questrial-Regular.ttf
./quicksand/Quicksand[wght].ttf
./radiocanada/RadioCanada[wdth,wght].ttf
./rajdhani/Rajdhani-Regular.ttf
./raleway/Raleway[wght].ttf
./ramabhadra/Ramabhadra-Regular.ttf
./rambla/Rambla-Regular.ttf
./rationale/Rationale-Regular.ttf
./readexpro/ReadexPro[HEXP,wght].ttf
./recursive/Recursive[CASL,CRSV,MONO,slnt,wght].ttf
./redhatdisplay/RedHatDisplay[wght].ttf
./redhattext/RedHatText[wght].ttf
./reemkufifun/ReemKufiFun[wght].ttf
./reemkufiink/ReemKufiInk-Regular.ttf
./reemkufi/ReemKufi[wght].ttf
./robotoflex/RobotoFlex[GRAD,XOPQ,XTRA,YOPQ,YTAS,YTDE,YTFI,YTLC,YTUC,opsz,slnt,wdth,wght].ttf
./rocknrollone/RocknRollOne-Regular.ttf
./rokkittvfbeta/RokkittVFBeta.ttf
./ropasans/RopaSans-Regular.ttf
./rosario/Rosario[wght].ttf
./roundedmplus1c/RoundedMplus1c-Regular.ttf
./rubikmonoone/RubikMonoOne-Regular.ttf
./rubikone/RubikOne-Regular.ttf
./rubik/Rubik[wght].ttf
./ruda/Ruda[wght].ttf
./ruluko/Ruluko-Regular.ttf
./rumraisin/RumRaisin-Regular.ttf
./russoone/RussoOne-Regular.ttf
./sairacondensed/SairaCondensed-Regular.ttf
./sairaextracondensed/SairaExtraCondensed-Regular.ttf
./saira/Saira[wdth,wght].ttf
./sairasemicondensed/SairaSemiCondensed-Regular.ttf
./sansation/Sansation-Regular.ttf
./sansita/Sansita-Regular.ttf
./sarabun/Sarabun-Regular.ttf
./sarala/Sarala-Regular.ttf
./sarpanch/Sarpanch-Regular.ttf
./sawarabigothic/SawarabiGothic-Regular.ttf
./scada/Scada-Regular.ttf
./schibstedgrotesk/SchibstedGrotesk[wght].ttf
./secularone/SecularOne-Regular.ttf
./sen/Sen-Regular.ttf
./seoulnamsanvertical/SeoulNamsanVertical-Regular.ttf
./seymourone/SeymourOne-Regular.ttf
./shanti/Shanti-Regular.ttf
./sharetech/ShareTech-Regular.ttf
./shipporiantiqueb1/ShipporiAntiqueB1-Regular.ttf
./shipporiantique/ShipporiAntique-Regular.ttf
./signikanegativesc/SignikaNegativeSC-Regular.ttf
./signikanegative/SignikaNegative[wght].ttf
./signikasc/SignikaSC[wght].ttf
./signika/Signika[wght].ttf
./sintony/Sintony-Regular.ttf
./sixcaps/SixCaps.ttf
./smoochsans/SmoochSans[wght].ttf
./snippet/Snippet.ttf
./sofiasanscondensed/SofiaSansCondensed[wght].ttf
./sofiasansextracondensed/SofiaSansExtraCondensed[wght].ttf
./sofiasanssemicondensed/SofiaSansSemiCondensed[wght].ttf
./sofiasans/SofiaSans[wght].ttf
./sora/Sora[wght].ttf
./souliyo/Souliyo-Regular.ttf
./sourcesans3/SourceSans3[wght].ttf
./sourcesanspro/SourceSansPro-Regular.ttf
./spacegrotesk/SpaceGrotesk[wght].ttf
./spinnaker/Spinnaker-Regular.ttf
./splinesans/SplineSans[wght].ttf
./sticknobills/StickNoBills[wght].ttf
./stick/Stick-Regular.ttf
./strait/Strait-Regular.ttf
./strong/Strong-Regular.ttf
./stylish/Stylish-Regular.ttf
./sulphurpoint/SulphurPoint-Regular.ttf
./tajawal/Tajawal-Regular.ttf
./tauri/Tauri-Regular.ttf
./teko/Teko-Regular.ttf
./telex/Telex-Regular.ttf
./tenaliramakrishna/TenaliRamakrishna-Regular.ttf
./tenorsans/TenorSans-Regular.ttf
./textmeone/TextMeOne-Regular.ttf
./tharlon/Tharlon-Regular.ttf
./thasadith/Thasadith-Regular.ttf
./timmana/Timmana-Regular.ttf
./titilliumweb/TitilliumWeb-Regular.ttf
./tomorrow/Tomorrow-Regular.ttf
./trispace/Trispace[wdth,wght].ttf
./truculenta/Truculenta[opsz,wdth,wght].ttf
./tsukimirounded/TsukimiRounded-Regular.ttf
./tuffy/Tuffy-Regular.ttf
./urbanist/Urbanist[wght].ttf
./varelaround/VarelaRound-Regular.ttf
./varela/Varela-Regular.ttf
./varta/Varta[wght].ttf
./vazirmatn/Vazirmatn[wght].ttf
./viga/Viga-Regular.ttf
./voltaire/Voltaire-Regular.ttf
./wendyone/WendyOne-Regular.ttf
./wireone/WireOne-Regular.ttf
./wixmadefordisplay/WixMadeforDisplay[wght].ttf
./wixmadefortext/WixMadeforText[wght].ttf
./worksans/WorkSans[wght].ttf
./yaldevicolombo/YaldeviColombo-Regular.ttf
./yaldevi/Yaldevi[wght].ttf
./yanonekaffeesatz/YanoneKaffeesatz[wght].ttf
./yantramanav/Yantramanav-Regular.ttf
./ysabeau/Ysabeau[wght].ttf
./yuseimagic/YuseiMagic-Regular.ttf
./zcoolkuaile/ZCOOLKuaiLe-Regular.ttf
./zcoolqingkehuangyou/ZCOOLQingKeHuangYou-Regular.ttf
./zcoolxiaowei/ZCOOLXiaoWei-Regular.ttf
./zenkakugothicantique/ZenKakuGothicAntique-Regular.ttf
./zenkakugothicnew/ZenKakuGothicNew-Regular.ttf
./zenkurenaido/ZenKurenaido-Regular.ttf
./zenmarugothic/ZenMaruGothic-Regular.ttf
